phase,op_name,magnitude,probability,seed,fold_idx,val_acc,val_loss,top5_acc,train_acc,train_loss,epochs_run,best_epoch,early_stopped,runtime_sec,timestamp,error,stable_score
PhaseA,RandomResizedCrop,0.6371,0.7072,42,0,37.5,2.533585,68.0,69.8333,1.219332,40,40,False,41.19,2025-12-27T03:03:05,,36.9333
PhaseA,RandomResizedCrop,0.9289,0.4557,42,0,36.3,2.547495,65.9,64.5,1.453872,40,38,False,36.91,2025-12-27T03:03:42,,36.1333
PhaseA,RandomResizedCrop,0.7105,0.5989,42,0,39.0,2.456128,68.4,68.4778,1.271558,40,39,False,38.72,2025-12-27T03:04:21,,38.3
PhaseA,RandomResizedCrop,0.4193,0.3133,42,0,36.0,2.688633,64.7,90.3556,0.496164,40,38,False,37.31,2025-12-27T03:04:58,,35.7
PhaseA,RandomResizedCrop,0.5309,0.6198,42,0,37.6,2.578494,67.3,73.4111,1.078055,40,38,False,38.75,2025-12-27T03:05:37,,37.3333
PhaseA,RandomResizedCrop,0.7535,0.4172,42,0,37.1,2.592924,65.9,76.5444,1.024345,40,39,False,38.13,2025-12-27T03:06:15,,36.9667
PhaseA,RandomResizedCrop,0.8171,0.7584,42,0,36.2,2.554363,66.1,55.3222,1.740032,40,40,False,40.14,2025-12-27T03:06:55,,35.2667
PhaseA,RandomResizedCrop,0.5942,0.5294,42,0,38.4,2.56998,67.1,78.7,0.919866,40,40,False,38.67,2025-12-27T03:07:34,,37.7
PhaseA,RandomResizedCrop,0.541,0.5576,42,0,37.1,2.636082,65.3,79.6333,0.88533,40,39,False,39.17,2025-12-27T03:08:13,,36.8
PhaseA,RandomResizedCrop,0.868,0.355,42,0,37.3,2.603797,66.0,77.9778,1.00724,40,40,False,37.71,2025-12-27T03:08:51,,36.3667
PhaseA,RandomResizedCrop,0.8114,0.6957,42,0,37.3,2.476855,67.7,59.4667,1.578708,40,40,False,39.76,2025-12-27T03:09:31,,36.6
PhaseA,RandomResizedCrop,0.4839,0.4667,42,0,35.0,2.64118,66.6,85.2778,0.67629,40,39,False,38.42,2025-12-27T03:10:09,,34.7667
PhaseA,RandomResizedCrop,0.4409,0.7695,42,0,38.0,2.549849,66.4,79.8889,0.873076,40,40,False,40.0,2025-12-27T03:10:50,,37.5
PhaseA,RandomResizedCrop,0.6997,0.518,42,0,36.0,2.555613,67.1,73.3222,1.119416,40,40,False,37.71,2025-12-27T03:11:27,,35.8
PhaseA,RandomResizedCrop,0.9109,0.6617,42,0,36.0,2.514973,66.9,55.6333,1.742084,40,40,False,38.65,2025-12-27T03:12:06,,35.7667
PhaseA,RandomResizedCrop,0.6528,0.376,42,0,37.5,2.592723,65.3,83.3778,0.769679,40,40,False,37.13,2025-12-27T03:12:43,,37.1667
PhaseA,RandomResizedCrop,0.6647,0.6476,42,0,37.2,2.489461,68.2,70.0333,1.221726,40,40,False,38.69,2025-12-27T03:13:22,,36.9333
PhaseA,RandomResizedCrop,0.8883,0.3903,42,0,35.2,2.626005,64.4,74.1667,1.100893,40,40,False,37.19,2025-12-27T03:13:59,,34.9667
PhaseA,RandomResizedCrop,0.6877,0.7854,42,0,37.2,2.507238,66.6,60.5667,1.521307,40,39,False,39.6,2025-12-27T03:14:39,,37.0333
PhaseA,RandomResizedCrop,0.4636,0.5017,42,0,35.7,2.650578,65.2,85.0556,0.692412,40,39,False,38.24,2025-12-27T03:15:17,,35.3
PhaseA,RandomResizedCrop,0.4894,0.6795,42,0,37.7,2.592415,66.3,79.4556,0.876717,40,40,False,38.3,2025-12-27T03:15:56,,37.2333
PhaseA,RandomResizedCrop,0.7822,0.4827,42,0,38.4,2.54507,66.1,68.6444,1.287125,40,38,False,38.39,2025-12-27T03:16:34,,37.8
PhaseA,RandomResizedCrop,0.8626,0.572,42,0,37.1,2.523902,67.5,62.9889,1.504336,40,40,False,39.14,2025-12-27T03:17:13,,36.3
PhaseA,RandomResizedCrop,0.5701,0.341,42,0,36.8,2.668312,65.0,87.1667,0.63595,40,39,False,37.61,2025-12-27T03:17:51,,36.4
PhaseA,RandomResizedCrop,0.5822,0.7422,42,0,36.9,2.517525,66.4,69.7889,1.218507,40,39,False,40.16,2025-12-27T03:18:31,,36.3333
PhaseA,RandomResizedCrop,0.8398,0.5454,42,0,36.8,2.492781,67.4,64.8667,1.414666,40,39,False,39.13,2025-12-27T03:19:11,,36.3667
PhaseA,RandomResizedCrop,0.7654,0.6342,42,0,36.4,2.494444,67.2,61.4111,1.529225,40,38,False,39.23,2025-12-27T03:19:50,,36.0333
PhaseA,RandomResizedCrop,0.5083,0.4032,42,0,35.4,2.674728,65.2,86.5778,0.653408,40,40,False,37.72,2025-12-27T03:20:28,,35.1
PhaseA,RandomResizedCrop,0.4138,0.5848,42,0,36.4,2.688255,64.5,86.2667,0.656316,40,39,False,39.01,2025-12-27T03:21:07,,36.1333
PhaseA,RandomResizedCrop,0.7396,0.3275,42,0,36.2,2.631657,65.4,82.8111,0.793815,40,40,False,37.23,2025-12-27T03:21:44,,35.6333
PhaseA,RandomResizedCrop,0.9344,0.7231,42,0,36.4,2.538617,67.0,52.1667,1.889194,40,40,False,39.64,2025-12-27T03:22:24,,35.7333
PhaseA,RandomResizedCrop,0.6079,0.4394,42,0,36.9,2.595948,65.6,81.7444,0.81887,40,40,False,38.63,2025-12-27T03:23:03,,36.1667
PhaseA,RandomRotation,0.2155,0.6072,42,0,35.1,2.544839,66.0,54.8444,1.722334,40,39,False,40.5,2025-12-27T03:23:43,,34.7333
PhaseA,RandomRotation,0.4808,0.3557,42,0,37.5,2.487622,66.9,55.2222,1.717844,40,39,False,40.04,2025-12-27T03:24:23,,37.3
PhaseA,RandomRotation,0.2823,0.4989,42,0,36.6,2.483838,67.0,56.2,1.658801,40,40,False,40.82,2025-12-27T03:25:04,,36.1667
PhaseA,RandomRotation,0.0175,0.2133,42,0,38.0,2.466818,69.1,61.6556,1.466462,40,40,False,39.59,2025-12-27T03:25:44,,37.5667
PhaseA,RandomRotation,0.119,0.5198,42,0,36.5,2.513072,66.0,58.6222,1.584429,40,40,False,40.3,2025-12-27T03:26:24,,35.9
PhaseA,RandomRotation,0.3214,0.3172,42,0,37.1,2.525603,67.8,57.1111,1.616596,40,40,False,40.02,2025-12-27T03:27:04,,36.4333
PhaseA,RandomRotation,0.3792,0.6584,42,0,34.9,2.570847,65.6,52.7889,1.803654,40,39,False,40.93,2025-12-27T03:27:45,,34.5
PhaseA,RandomRotation,0.1765,0.4294,42,0,37.8,2.46505,69.0,58.0333,1.590736,40,40,False,39.92,2025-12-27T03:28:25,,36.9
PhaseA,RandomRotation,0.1282,0.4576,42,0,37.2,2.485373,67.6,58.4111,1.59187,40,40,False,40.94,2025-12-27T03:29:06,,36.9
PhaseA,RandomRotation,0.4255,0.255,42,0,36.0,2.61585,64.3,49.7889,1.906713,40,37,False,39.83,2025-12-27T03:29:46,,35.5333
PhaseA,RandomRotation,0.374,0.5957,42,0,35.3,2.521548,67.5,54.2111,1.731294,40,39,False,40.38,2025-12-27T03:30:27,,35.2333
PhaseA,RandomRotation,0.0763,0.3667,42,0,38.8,2.466149,68.1,61.0333,1.501635,40,40,False,39.99,2025-12-27T03:31:07,,38.0667
PhaseA,RandomRotation,0.0371,0.6695,42,0,37.5,2.529234,67.2,59.6778,1.539956,40,40,False,40.43,2025-12-27T03:31:47,,36.9333
PhaseA,RandomRotation,0.2724,0.418,42,0,36.4,2.562904,66.2,56.0556,1.671519,40,40,False,39.74,2025-12-27T03:32:27,,36.2667
PhaseA,RandomRotation,0.4645,0.5617,42,0,36.4,2.52908,67.2,52.1111,1.818719,40,39,False,40.35,2025-12-27T03:33:08,,35.5
PhaseA,RandomRotation,0.2298,0.276,42,0,36.9,2.539906,66.5,53.8333,1.739417,40,38,False,39.46,2025-12-27T03:33:47,,36.7667
PhaseA,RandomRotation,0.2407,0.5476,42,0,37.5,2.498366,67.8,57.6778,1.625929,40,40,False,40.43,2025-12-27T03:34:28,,37.4
PhaseA,RandomRotation,0.4439,0.2903,42,0,37.2,2.434292,67.8,55.8667,1.669691,40,39,False,40.06,2025-12-27T03:35:08,,36.5
PhaseA,RandomRotation,0.2616,0.6854,42,0,35.9,2.543453,67.1,54.5444,1.735219,40,39,False,40.99,2025-12-27T03:35:49,,35.6
PhaseA,RandomRotation,0.0578,0.4017,42,0,37.3,2.520092,66.6,60.0333,1.515563,40,40,False,40.04,2025-12-27T03:36:29,,36.8667
PhaseA,RandomRotation,0.0813,0.5795,42,0,38.4,2.508371,68.7,53.1,1.768665,40,37,False,40.7,2025-12-27T03:37:10,,38.4
PhaseA,RandomRotation,0.3474,0.3827,42,0,36.9,2.50647,67.7,55.8222,1.686401,40,39,False,40.11,2025-12-27T03:37:50,,36.5
PhaseA,RandomRotation,0.4205,0.472,42,0,36.2,2.565602,66.0,52.9889,1.786629,40,39,False,40.45,2025-12-27T03:38:30,,35.4
PhaseA,RandomRotation,0.1547,0.241,42,0,37.6,2.491661,68.2,59.5778,1.52693,40,40,False,40.03,2025-12-27T03:39:11,,37.0
PhaseA,RandomRotation,0.1656,0.6422,42,0,37.3,2.538765,66.5,54.3222,1.734816,40,38,False,40.31,2025-12-27T03:39:51,,36.9
PhaseA,RandomRotation,0.3998,0.4454,42,0,36.5,2.530971,68.2,55.5667,1.687908,40,40,False,40.01,2025-12-27T03:40:31,,35.8667
PhaseA,RandomRotation,0.3322,0.5342,42,0,36.8,2.562044,66.0,53.2333,1.771065,40,39,False,39.92,2025-12-27T03:41:11,,35.9
PhaseA,RandomRotation,0.0984,0.3032,42,0,37.2,2.52848,66.1,59.4778,1.548428,40,40,False,38.97,2025-12-27T03:41:50,,36.9
PhaseA,RandomRotation,0.0126,0.4848,42,0,37.1,2.521728,68.1,56.4333,1.628257,40,38,False,39.31,2025-12-27T03:42:30,,36.8333
PhaseA,RandomRotation,0.3087,0.2275,42,0,37.9,2.473612,68.2,57.4444,1.621873,40,39,False,38.55,2025-12-27T03:43:08,,36.7667
PhaseA,RandomRotation,0.4858,0.6231,42,0,35.5,2.565892,66.3,52.2556,1.81059,40,39,False,39.69,2025-12-27T03:43:48,,35.0333
PhaseA,RandomRotation,0.189,0.3394,42,0,36.9,2.47898,68.5,56.4333,1.64267,40,39,False,39.18,2025-12-27T03:44:27,,36.5
PhaseA,RandomPerspective,0.1724,0.5072,42,0,36.1,2.504552,67.0,56.7889,1.643997,40,40,False,46.78,2025-12-27T03:45:14,,35.5333
PhaseA,RandomPerspective,0.3846,0.2557,42,0,35.3,2.531329,67.3,54.1222,1.754579,40,39,False,44.12,2025-12-27T03:45:58,,35.0
PhaseA,RandomPerspective,0.2258,0.3989,42,0,38.4,2.477784,67.6,57.3778,1.638759,40,39,False,45.32,2025-12-27T03:46:44,,37.8333
PhaseA,RandomPerspective,0.014,0.1133,42,0,39.3,2.478931,69.5,59.9333,1.50441,40,40,False,41.33,2025-12-27T03:47:25,,38.4333
PhaseA,RandomPerspective,0.0952,0.4198,42,0,37.1,2.522951,68.0,58.3556,1.588689,40,39,False,45.74,2025-12-27T03:48:11,,36.5
PhaseA,RandomPerspective,0.2571,0.2172,42,0,38.9,2.478259,68.7,56.9444,1.642967,40,39,False,43.08,2025-12-27T03:48:54,,38.3667
PhaseA,RandomPerspective,0.3033,0.5584,42,0,36.1,2.504881,68.3,53.7,1.75797,40,39,False,47.44,2025-12-27T03:49:42,,35.9
PhaseA,RandomPerspective,0.1412,0.3294,42,0,36.9,2.502091,67.0,57.6778,1.619992,40,40,False,44.27,2025-12-27T03:50:26,,36.2
PhaseA,RandomPerspective,0.1026,0.3576,42,0,38.3,2.464444,69.1,57.1444,1.624498,40,38,False,44.58,2025-12-27T03:51:11,,38.1
PhaseA,RandomPerspective,0.3404,0.155,42,0,38.3,2.523828,67.3,58.1111,1.598481,40,40,False,40.96,2025-12-27T03:51:52,,37.2667
PhaseA,RandomPerspective,0.2992,0.4957,42,0,36.0,2.516543,68.2,53.2889,1.769651,40,39,False,45.93,2025-12-27T03:52:38,,35.9333
PhaseA,RandomPerspective,0.061,0.2667,42,0,37.2,2.481239,67.4,59.3111,1.540442,40,40,False,43.46,2025-12-27T03:53:21,,36.7333
PhaseA,RandomPerspective,0.0297,0.5695,42,0,38.5,2.493104,67.2,58.7444,1.570946,40,39,False,47.52,2025-12-27T03:54:09,,38.0333
PhaseA,RandomPerspective,0.218,0.318,42,0,36.1,2.518238,68.6,57.5222,1.645204,40,39,False,44.83,2025-12-27T03:54:54,,35.7
PhaseA,RandomPerspective,0.3716,0.4617,42,0,36.7,2.527321,67.2,55.4222,1.693289,40,40,False,46.6,2025-12-27T03:55:40,,36.1333
PhaseA,RandomPerspective,0.1839,0.176,42,0,38.6,2.445391,68.9,59.8111,1.541741,40,40,False,42.12,2025-12-27T03:56:23,,37.7
PhaseA,RandomPerspective,0.1925,0.4476,42,0,37.7,2.530389,67.0,57.4222,1.62606,40,40,False,46.21,2025-12-27T03:57:09,,37.0333
PhaseA,RandomPerspective,0.3551,0.1903,42,0,36.6,2.492148,68.2,55.9778,1.673683,40,39,False,43.87,2025-12-27T03:57:53,,36.3667
PhaseA,RandomPerspective,0.2093,0.5854,42,0,36.7,2.492201,68.2,55.2,1.701799,40,39,False,49.81,2025-12-27T03:58:43,,36.3333
PhaseA,RandomPerspective,0.0462,0.3017,42,0,38.2,2.444287,69.5,61.2333,1.493783,40,40,False,44.95,2025-12-27T03:59:28,,37.3667
PhaseA,RandomPerspective,0.065,0.4795,42,0,38.3,2.474309,68.5,61.7333,1.505737,40,40,False,47.84,2025-12-27T04:00:16,,37.7667
PhaseA,RandomPerspective,0.2779,0.2827,42,0,34.6,2.573431,65.6,54.5889,1.73029,40,40,False,44.08,2025-12-27T04:01:00,,33.7
PhaseA,RandomPerspective,0.3364,0.372,42,0,35.9,2.549402,66.5,53.9778,1.75279,40,39,False,44.59,2025-12-27T04:01:45,,35.4
PhaseA,RandomPerspective,0.1237,0.141,42,0,39.3,2.434706,70.0,59.4889,1.535597,40,39,False,42.17,2025-12-27T04:02:27,,38.7333
PhaseA,RandomPerspective,0.1325,0.5422,42,0,36.1,2.578604,65.1,54.4444,1.732185,40,39,False,48.9,2025-12-27T04:03:16,,35.5
PhaseA,RandomPerspective,0.3199,0.3454,42,0,36.0,2.514477,68.0,53.8111,1.757359,40,38,False,45.04,2025-12-27T04:04:01,,35.9667
PhaseA,RandomPerspective,0.2658,0.4342,42,0,39.1,2.493522,68.0,54.6,1.742578,40,39,False,46.02,2025-12-27T04:04:47,,37.8333
PhaseA,RandomPerspective,0.0787,0.2032,42,0,38.6,2.499367,68.6,58.0333,1.58335,40,39,False,40.87,2025-12-27T04:05:28,,37.8667
PhaseA,RandomPerspective,0.01,0.3848,42,0,39.0,2.492669,68.4,60.2778,1.523767,40,40,False,43.71,2025-12-27T04:06:12,,38.3667
PhaseA,RandomPerspective,0.247,0.1275,42,0,37.3,2.464962,69.2,58.3222,1.609627,40,39,False,39.79,2025-12-27T04:06:52,,36.8333
PhaseA,RandomPerspective,0.3887,0.5231,42,0,35.9,2.538817,66.6,52.5111,1.801742,40,40,False,45.2,2025-12-27T04:07:37,,35.6333
PhaseA,RandomPerspective,0.1512,0.2394,42,0,38.2,2.473853,67.2,57.2333,1.636122,40,39,False,41.67,2025-12-27T04:08:19,,37.9333
PhaseA,ColorJitter,0.4448,0.7886,42,0,35.4,2.526328,68.2,50.0667,1.904812,40,40,False,44.6,2025-12-27T04:09:03,,34.8
PhaseA,ColorJitter,0.8693,0.4868,42,0,33.9,2.692447,63.8,41.7333,2.271509,40,39,False,41.9,2025-12-27T04:09:45,,33.4333
PhaseA,ColorJitter,0.5516,0.6587,42,0,35.8,2.581805,65.0,46.9556,2.024323,40,39,False,43.55,2025-12-27T04:10:29,,35.1
PhaseA,ColorJitter,0.128,0.3159,42,0,36.8,2.47886,68.3,59.3778,1.561631,40,40,False,40.33,2025-12-27T04:11:09,,36.6
PhaseA,ColorJitter,0.2905,0.6838,42,0,37.5,2.440352,68.3,54.3444,1.724385,40,39,False,43.64,2025-12-27T04:11:53,,36.7
PhaseA,ColorJitter,0.6142,0.4406,42,0,35.0,2.629175,65.0,44.2111,2.122108,40,37,False,41.67,2025-12-27T04:12:35,,34.8
PhaseA,ColorJitter,0.7067,0.8501,42,0,32.8,2.682136,63.3,40.8667,2.298266,40,39,False,45.69,2025-12-27T04:13:21,,31.8333
PhaseA,ColorJitter,0.3824,0.5752,42,0,37.4,2.481383,67.6,54.0222,1.758638,40,40,False,43.89,2025-12-27T04:14:05,,36.5667
PhaseA,ColorJitter,0.3051,0.6091,42,0,38.2,2.486561,67.6,52.1444,1.808233,40,38,False,46.11,2025-12-27T04:14:51,,37.7333
PhaseA,ColorJitter,0.7808,0.366,42,0,35.1,2.589355,64.6,46.6111,2.043034,40,40,False,43.39,2025-12-27T04:15:34,,34.7667
PhaseA,ColorJitter,0.6983,0.7748,42,0,34.0,2.702804,62.6,42.4111,2.240422,40,40,False,46.91,2025-12-27T04:16:21,,32.9667
PhaseA,ColorJitter,0.222,0.5,42,0,36.7,2.461389,68.6,56.9222,1.643892,40,39,False,44.25,2025-12-27T04:17:06,,36.4
PhaseA,ColorJitter,0.1594,0.8634,42,0,37.3,2.455166,68.7,58.4667,1.585978,40,40,False,47.45,2025-12-27T04:17:53,,36.8667
PhaseA,ColorJitter,0.5359,0.5616,42,0,36.0,2.50366,67.6,49.8778,1.905491,40,40,False,44.76,2025-12-27T04:18:38,,35.1
PhaseA,ColorJitter,0.8432,0.734,42,0,30.6,2.771573,60.5,37.4778,2.448818,40,39,False,46.22,2025-12-27T04:19:24,,30.1667
PhaseA,ColorJitter,0.4677,0.3912,42,0,36.6,2.57083,66.3,52.4556,1.830522,40,40,False,43.6,2025-12-27T04:20:08,,36.1333
PhaseA,ColorJitter,0.4851,0.7171,42,0,35.1,2.550748,67.2,48.8778,1.957657,40,40,False,46.03,2025-12-27T04:20:54,,34.6333
PhaseA,ColorJitter,0.8102,0.4083,42,0,35.9,2.575701,66.2,43.7,2.173731,40,39,False,45.24,2025-12-27T04:21:39,,35.3667
PhaseA,ColorJitter,0.5185,0.8825,42,0,34.6,2.616171,65.1,45.9,2.081558,40,39,False,48.62,2025-12-27T04:22:28,,33.6667
PhaseA,ColorJitter,0.1925,0.5421,42,0,37.8,2.463959,67.8,54.7111,1.69621,40,38,False,44.75,2025-12-27T04:23:13,,37.0667
PhaseA,ColorJitter,0.2301,0.7554,42,0,38.3,2.441289,70.1,55.5,1.685374,40,40,False,47.98,2025-12-27T04:24:01,,37.7667
PhaseA,ColorJitter,0.6559,0.5193,42,0,33.8,2.64013,63.2,46.0778,2.071927,40,40,False,45.06,2025-12-27T04:24:46,,33.3667
PhaseA,ColorJitter,0.7728,0.6263,42,0,35.0,2.637151,64.4,43.2778,2.179084,40,40,False,46.38,2025-12-27T04:25:33,,34.5333
PhaseA,ColorJitter,0.3475,0.3492,42,0,38.2,2.447711,67.9,58.1,1.619837,40,40,False,45.29,2025-12-27T04:26:18,,37.7
PhaseA,ColorJitter,0.365,0.8307,42,0,36.5,2.533124,67.4,51.7444,1.834856,40,40,False,46.69,2025-12-27T04:27:05,,35.6667
PhaseA,ColorJitter,0.7397,0.5945,42,0,33.0,2.693278,64.4,42.0333,2.235969,40,39,False,43.63,2025-12-27T04:27:49,,32.6
PhaseA,ColorJitter,0.6316,0.701,42,0,35.1,2.592131,65.5,45.1556,2.094091,40,39,False,45.76,2025-12-27T04:28:34,,34.8
PhaseA,ColorJitter,0.2575,0.4239,42,0,38.6,2.496791,67.9,56.8444,1.661734,40,40,False,43.84,2025-12-27T04:29:18,,37.1667
PhaseA,ColorJitter,0.1201,0.6418,42,0,38.8,2.448996,68.2,58.5,1.573062,40,39,False,46.96,2025-12-27T04:30:05,,37.7333
PhaseA,ColorJitter,0.594,0.333,42,0,35.8,2.495827,67.8,50.6333,1.878198,40,39,False,44.75,2025-12-27T04:30:50,,35.5667
PhaseA,ColorJitter,0.8773,0.8077,42,0,30.8,2.866376,57.7,35.6111,2.543338,40,40,False,49.26,2025-12-27T04:31:40,,30.0667
PhaseA,ColorJitter,0.4024,0.4673,42,0,38.0,2.467251,68.3,52.8889,1.775296,40,39,False,46.41,2025-12-27T04:32:26,,37.7667
PhaseA,RandomGrayscale,0.5,0.5886,42,0,33.3,2.6213,66.1,44.9333,2.148577,40,40,False,44.43,2025-12-27T04:33:11,,32.7667
PhaseA,RandomGrayscale,0.5,0.2868,42,0,37.4,2.484986,67.9,48.1,2.016957,40,39,False,43.08,2025-12-27T04:33:54,,36.8667
PhaseA,RandomGrayscale,0.5,0.4587,42,0,36.5,2.555852,67.1,45.4667,2.124135,40,40,False,42.47,2025-12-27T04:34:36,,35.8333
PhaseA,RandomGrayscale,0.5,0.1159,42,0,39.0,2.464271,68.3,52.5444,1.81721,40,39,False,39.0,2025-12-27T04:35:15,,37.6
PhaseA,RandomGrayscale,0.5,0.4838,42,0,35.8,2.580148,66.6,45.2667,2.11839,40,39,False,41.43,2025-12-27T04:35:57,,34.9333
PhaseA,RandomGrayscale,0.5,0.2406,42,0,38.3,2.474166,69.0,48.9778,1.971652,40,39,False,40.81,2025-12-27T04:36:38,,37.4333
PhaseA,RandomGrayscale,0.5,0.6501,42,0,34.5,2.659791,63.8,42.6111,2.251473,40,38,False,42.11,2025-12-27T04:37:20,,34.4
PhaseA,RandomGrayscale,0.5,0.3752,42,0,38.0,2.540645,66.7,44.4889,2.151233,40,38,False,41.64,2025-12-27T04:38:02,,37.8
PhaseA,RandomGrayscale,0.5,0.4091,42,0,35.9,2.533745,67.4,46.5444,2.085454,40,40,False,41.26,2025-12-27T04:38:43,,35.4667
PhaseA,RandomGrayscale,0.5,0.166,42,0,38.5,2.468839,68.8,51.6444,1.854229,40,40,False,40.49,2025-12-27T04:39:24,,37.5
PhaseA,RandomGrayscale,0.5,0.5748,42,0,35.2,2.623646,64.2,45.7,2.122005,40,40,False,41.42,2025-12-27T04:40:05,,34.5667
PhaseA,RandomGrayscale,0.5,0.3,42,0,36.7,2.563037,66.4,46.1889,2.084388,40,39,False,40.98,2025-12-27T04:40:46,,36.5
PhaseA,RandomGrayscale,0.5,0.6634,42,0,34.6,2.617616,65.2,44.0111,2.175979,40,39,False,42.27,2025-12-27T04:41:29,,33.8667
PhaseA,RandomGrayscale,0.5,0.3616,42,0,37.7,2.492448,68.9,45.6333,2.085525,40,39,False,41.06,2025-12-27T04:42:10,,37.1667
PhaseA,RandomGrayscale,0.5,0.534,42,0,34.7,2.624201,65.7,44.2111,2.157861,40,39,False,41.15,2025-12-27T04:42:51,,33.1667
PhaseA,RandomGrayscale,0.5,0.1912,42,0,36.6,2.512334,67.5,49.6778,1.953479,40,39,False,40.89,2025-12-27T04:43:32,,36.0
PhaseA,RandomGrayscale,0.5,0.5171,42,0,34.9,2.586844,65.8,45.2333,2.142235,40,40,False,41.47,2025-12-27T04:44:13,,34.8333
PhaseA,RandomGrayscale,0.5,0.2083,42,0,38.2,2.486375,67.6,50.8556,1.920803,40,40,False,40.62,2025-12-27T04:44:54,,37.7333
PhaseA,RandomGrayscale,0.5,0.6825,42,0,33.5,2.657028,65.4,44.7222,2.153785,40,40,False,42.25,2025-12-27T04:45:36,,33.2333
PhaseA,RandomGrayscale,0.5,0.3421,42,0,36.3,2.574876,65.7,44.4111,2.148437,40,38,False,40.51,2025-12-27T04:46:17,,35.9667
PhaseA,RandomGrayscale,0.5,0.5554,42,0,35.8,2.594754,66.5,45.3556,2.121233,40,40,False,41.28,2025-12-27T04:46:58,,34.9
PhaseA,RandomGrayscale,0.5,0.3193,42,0,36.8,2.511099,67.5,47.8333,2.015998,40,40,False,40.73,2025-12-27T04:47:39,,36.6
PhaseA,RandomGrayscale,0.5,0.4263,42,0,35.7,2.549312,66.5,46.0889,2.109324,40,40,False,40.62,2025-12-27T04:48:20,,34.8
PhaseA,RandomGrayscale,0.5,0.1492,42,0,38.5,2.457407,68.8,50.3444,1.908959,40,39,False,39.69,2025-12-27T04:49:00,,38.0667
PhaseA,RandomGrayscale,0.5,0.6307,42,0,34.1,2.636819,64.9,43.5556,2.194322,40,39,False,41.29,2025-12-27T04:49:41,,33.2667
PhaseA,RandomGrayscale,0.5,0.3945,42,0,36.5,2.564689,66.5,45.2778,2.130032,40,39,False,41.29,2025-12-27T04:50:22,,35.9667
PhaseA,RandomGrayscale,0.5,0.501,42,0,37.4,2.542992,67.0,44.5111,2.149029,40,39,False,40.77,2025-12-27T04:51:03,,36.5667
PhaseA,RandomGrayscale,0.5,0.2239,42,0,37.7,2.507905,67.2,50.0333,1.940192,40,40,False,40.05,2025-12-27T04:51:43,,37.1333
PhaseA,RandomGrayscale,0.5,0.4418,42,0,37.2,2.575954,66.1,46.1111,2.105195,40,40,False,40.63,2025-12-27T04:52:24,,35.6667
PhaseA,RandomGrayscale,0.5,0.133,42,0,37.5,2.488393,66.6,51.7667,1.869363,40,40,False,39.86,2025-12-27T04:53:04,,36.9333
PhaseA,RandomGrayscale,0.5,0.6077,42,0,35.0,2.604333,65.9,45.5556,2.123194,40,40,False,41.27,2025-12-27T04:53:45,,34.3333
PhaseA,RandomGrayscale,0.5,0.2673,42,0,37.4,2.476252,68.5,48.4667,1.990191,40,40,False,40.52,2025-12-27T04:54:26,,37.2
PhaseA,GaussianBlur,0.2155,0.6072,42,0,36.3,2.549977,65.9,58.3667,1.597698,40,40,False,55.99,2025-12-27T04:55:22,,35.8
PhaseA,GaussianBlur,0.4808,0.3557,42,0,34.4,2.632892,65.1,52.4556,1.812367,40,38,False,49.38,2025-12-27T04:56:12,,33.9667
PhaseA,GaussianBlur,0.2823,0.4989,42,0,35.4,2.56288,65.7,57.1333,1.633235,40,40,False,54.23,2025-12-27T04:57:06,,34.8333
PhaseA,GaussianBlur,0.0175,0.2133,42,0,38.0,2.466818,69.1,61.6556,1.466462,40,40,False,47.43,2025-12-27T04:57:53,,37.5667
PhaseA,GaussianBlur,0.119,0.5198,42,0,37.1,2.492669,68.2,58.3444,1.597343,40,39,False,55.42,2025-12-27T04:58:49,,36.9333
PhaseA,GaussianBlur,0.3214,0.3172,42,0,34.4,2.631936,65.4,55.4111,1.70275,40,40,False,50.56,2025-12-27T04:59:40,,33.8
PhaseA,GaussianBlur,0.3792,0.6584,42,0,33.2,2.719226,63.2,53.3222,1.797133,40,39,False,58.43,2025-12-27T05:00:38,,32.2333
PhaseA,GaussianBlur,0.1765,0.4294,42,0,35.6,2.528053,67.0,58.5333,1.591702,40,40,False,52.39,2025-12-27T05:01:31,,35.0
PhaseA,GaussianBlur,0.1282,0.4576,42,0,38.2,2.46427,68.3,58.4667,1.560227,40,39,False,53.61,2025-12-27T05:02:24,,37.5
PhaseA,GaussianBlur,0.4255,0.255,42,0,36.0,2.573074,65.9,55.0667,1.699302,40,39,False,48.28,2025-12-27T05:03:13,,35.4333
PhaseA,GaussianBlur,0.374,0.5957,42,0,34.7,2.607254,64.9,54.7889,1.738909,40,39,False,57.29,2025-12-27T05:04:10,,33.9667
PhaseA,GaussianBlur,0.0763,0.3667,42,0,37.5,2.502511,68.0,57.9889,1.597193,40,39,False,51.78,2025-12-27T05:05:02,,36.6667
PhaseA,GaussianBlur,0.0371,0.6695,42,0,37.5,2.529234,67.2,59.6778,1.539956,40,40,False,58.74,2025-12-27T05:06:01,,36.9333
PhaseA,GaussianBlur,0.2724,0.418,42,0,34.7,2.609864,65.7,50.4556,1.870507,40,37,False,52.52,2025-12-27T05:06:53,,34.2333
PhaseA,GaussianBlur,0.4645,0.5617,42,0,32.8,2.710668,64.1,52.5778,1.808923,40,39,False,56.11,2025-12-27T05:07:50,,32.4667
PhaseA,GaussianBlur,0.2298,0.276,42,0,35.2,2.562343,66.3,56.9444,1.654799,40,39,False,49.19,2025-12-27T05:08:39,,34.8
PhaseA,GaussianBlur,0.2407,0.5476,42,0,35.1,2.591017,65.4,58.4778,1.588184,40,40,False,56.15,2025-12-27T05:09:35,,34.7333
PhaseA,GaussianBlur,0.4439,0.2903,42,0,35.5,2.590556,66.0,55.9556,1.689171,40,40,False,49.35,2025-12-27T05:10:24,,34.7
PhaseA,GaussianBlur,0.2616,0.6854,42,0,33.0,2.566855,66.5,56.9222,1.658132,40,40,False,58.16,2025-12-27T05:11:23,,32.9
PhaseA,GaussianBlur,0.0578,0.4017,42,0,37.3,2.520092,66.6,60.0333,1.515563,40,40,False,50.49,2025-12-27T05:12:13,,36.8667
PhaseA,GaussianBlur,0.0813,0.5795,42,0,37.2,2.488715,67.7,60.4222,1.517281,40,40,False,56.4,2025-12-27T05:13:10,,37.0667
PhaseA,GaussianBlur,0.3474,0.3827,42,0,33.9,2.61187,65.2,55.9111,1.682152,40,40,False,52.57,2025-12-27T05:14:02,,33.6
PhaseA,GaussianBlur,0.4205,0.472,42,0,33.8,2.649933,65.1,54.2444,1.749645,40,40,False,50.94,2025-12-27T05:14:53,,33.3333
PhaseA,GaussianBlur,0.1547,0.241,42,0,37.4,2.484324,68.2,60.6111,1.500997,40,40,False,46.52,2025-12-27T05:15:40,,36.4
PhaseA,GaussianBlur,0.1656,0.6422,42,0,36.0,2.540885,66.5,56.8333,1.634333,40,39,False,58.09,2025-12-27T05:16:38,,35.7667
PhaseA,GaussianBlur,0.3998,0.4454,42,0,33.6,2.636222,64.7,52.3667,1.820438,40,38,False,53.36,2025-12-27T05:17:32,,33.5333
PhaseA,GaussianBlur,0.3322,0.5342,42,0,35.7,2.616002,63.8,56.0889,1.699089,40,40,False,54.64,2025-12-27T05:18:26,,34.8333
PhaseA,GaussianBlur,0.0984,0.3032,42,0,38.9,2.471172,66.9,58.8667,1.571324,40,40,False,49.27,2025-12-27T05:19:16,,38.0667
PhaseA,GaussianBlur,0.0126,0.4848,42,0,37.1,2.521728,68.1,56.4333,1.628257,40,38,False,54.22,2025-12-27T05:20:10,,36.8333
PhaseA,GaussianBlur,0.3087,0.2275,42,0,36.0,2.555578,66.3,55.4444,1.691461,40,39,False,48.27,2025-12-27T05:20:58,,35.7667
PhaseA,GaussianBlur,0.4858,0.6231,42,0,31.4,2.751213,61.7,51.2222,1.867006,40,38,False,57.91,2025-12-27T05:21:56,,31.2667
PhaseA,GaussianBlur,0.189,0.3394,42,0,37.3,2.528045,66.4,58.8444,1.561032,40,40,False,50.73,2025-12-27T05:22:47,,36.7333
PhaseA,RandomErasing,0.1622,0.5072,42,0,36.4,2.548844,65.8,50.3444,1.873693,40,39,False,44.67,2025-12-27T05:23:32,,35.5333
PhaseA,RandomErasing,0.3373,0.2557,42,0,36.1,2.479303,68.2,52.1,1.810999,40,40,False,42.98,2025-12-27T05:24:15,,34.9333
PhaseA,RandomErasing,0.2063,0.3989,42,0,36.2,2.509466,68.9,51.5444,1.831449,40,40,False,43.37,2025-12-27T05:24:59,,35.1
PhaseA,RandomErasing,0.0316,0.1133,42,0,37.3,2.50788,67.5,54.2333,1.72189,40,38,False,42.21,2025-12-27T05:25:41,,37.0667
PhaseA,RandomErasing,0.0986,0.4198,42,0,37.9,2.45281,69.8,54.8444,1.713488,40,40,False,44.38,2025-12-27T05:26:25,,37.4667
PhaseA,RandomErasing,0.2321,0.2172,42,0,37.2,2.449351,68.8,54.2889,1.742877,40,39,False,42.38,2025-12-27T05:27:08,,36.8333
PhaseA,RandomErasing,0.2703,0.5584,42,0,35.6,2.54174,67.2,48.1111,1.950564,40,40,False,44.36,2025-12-27T05:27:52,,34.9667
PhaseA,RandomErasing,0.1365,0.3294,42,0,36.5,2.485391,67.4,55.2667,1.711534,40,40,False,43.27,2025-12-27T05:28:36,,35.9333
PhaseA,RandomErasing,0.1046,0.3576,42,0,36.0,2.516373,67.9,53.8667,1.747582,40,40,False,43.19,2025-12-27T05:29:19,,35.2
PhaseA,RandomErasing,0.3008,0.155,42,0,37.1,2.480558,67.5,56.3,1.662552,40,40,False,41.17,2025-12-27T05:30:00,,36.3667
PhaseA,RandomErasing,0.2668,0.4957,42,0,36.5,2.511365,67.9,49.1,1.932953,40,39,False,42.43,2025-12-27T05:30:43,,36.0667
PhaseA,RandomErasing,0.0703,0.2667,42,0,37.3,2.489658,68.8,55.6889,1.686015,40,39,False,41.17,2025-12-27T05:31:24,,37.1667
PhaseA,RandomErasing,0.0445,0.5695,42,0,35.8,2.574803,66.2,51.8444,1.824593,40,40,False,43.11,2025-12-27T05:32:07,,35.3667
PhaseA,RandomErasing,0.1998,0.318,42,0,35.5,2.545605,66.3,52.5778,1.809189,40,40,False,41.76,2025-12-27T05:32:49,,34.5667
PhaseA,RandomErasing,0.3266,0.4617,42,0,35.1,2.545195,66.9,48.3444,1.973586,40,40,False,42.99,2025-12-27T05:33:32,,34.8333
PhaseA,RandomErasing,0.1717,0.176,42,0,36.5,2.51834,69.2,54.8667,1.712653,40,39,False,40.87,2025-12-27T05:34:13,,35.8333
PhaseA,RandomErasing,0.1788,0.4476,42,0,35.7,2.532247,67.4,48.0556,1.973836,40,38,False,42.67,2025-12-27T05:34:56,,35.4
PhaseA,RandomErasing,0.313,0.1903,42,0,38.0,2.498114,67.0,53.3,1.773812,40,40,False,40.99,2025-12-27T05:35:37,,37.2333
PhaseA,RandomErasing,0.1926,0.5854,42,0,36.4,2.516738,67.0,50.5111,1.906882,40,40,False,43.79,2025-12-27T05:36:21,,35.8333
PhaseA,RandomErasing,0.0581,0.3017,42,0,36.4,2.549038,67.3,54.6,1.723621,40,40,False,41.79,2025-12-27T05:37:03,,35.8667
PhaseA,RandomErasing,0.0737,0.4795,42,0,36.9,2.523861,66.4,53.8222,1.768613,40,40,False,43.0,2025-12-27T05:37:46,,36.4
PhaseA,RandomErasing,0.2493,0.2827,42,0,35.7,2.510672,68.9,52.6556,1.801908,40,40,False,41.55,2025-12-27T05:38:27,,35.4
PhaseA,RandomErasing,0.2975,0.372,42,0,35.9,2.552476,67.8,48.9222,1.945127,40,39,False,42.06,2025-12-27T05:39:09,,34.8667
PhaseA,RandomErasing,0.1221,0.141,42,0,36.5,2.510629,68.3,57.4,1.614132,40,40,False,40.63,2025-12-27T05:39:50,,36.2667
PhaseA,RandomErasing,0.1293,0.5422,42,0,37.5,2.531765,67.5,50.2222,1.884845,40,39,False,43.17,2025-12-27T05:40:33,,36.5667
PhaseA,RandomErasing,0.2839,0.3454,42,0,37.1,2.506293,67.1,50.9333,1.860672,40,39,False,41.69,2025-12-27T05:41:15,,36.7333
PhaseA,RandomErasing,0.2393,0.4342,42,0,35.8,2.478846,68.0,49.9333,1.893298,40,40,False,42.3,2025-12-27T05:41:58,,35.2667
PhaseA,RandomErasing,0.085,0.2032,42,0,36.5,2.496966,67.5,56.6556,1.642933,40,40,False,41.54,2025-12-27T05:42:39,,35.9
PhaseA,RandomErasing,0.0283,0.3848,42,0,38.9,2.466842,68.8,55.6889,1.689862,40,40,False,42.53,2025-12-27T05:43:22,,37.8
PhaseA,RandomErasing,0.2238,0.1275,42,0,37.9,2.525504,67.6,53.6111,1.767032,40,38,False,40.58,2025-12-27T05:44:02,,37.6333
PhaseA,RandomErasing,0.3407,0.5231,42,0,35.2,2.638455,65.4,42.1667,2.197557,40,37,False,43.04,2025-12-27T05:44:46,,35.0667
PhaseA,RandomErasing,0.1447,0.2394,42,0,36.6,2.511733,67.7,55.4889,1.700749,40,40,False,41.53,2025-12-27T05:45:27,,36.0667
PhaseA,GaussianNoise,0.1838,0.7886,42,0,36.8,2.54358,67.1,56.6556,1.645933,40,39,False,41.3,2025-12-27T05:46:09,,36.6667
PhaseA,GaussianNoise,0.3854,0.4868,42,0,36.2,2.564738,66.6,57.7889,1.613277,40,40,False,40.64,2025-12-27T05:46:49,,35.6667
PhaseA,GaussianNoise,0.2345,0.6587,42,0,38.4,2.47129,67.6,59.5778,1.539068,40,40,False,41.55,2025-12-27T05:47:31,,37.8667
PhaseA,GaussianNoise,0.0333,0.3159,42,0,38.2,2.511358,67.9,57.7778,1.59132,40,39,False,41.26,2025-12-27T05:48:12,,37.7
PhaseA,GaussianNoise,0.1105,0.6838,42,0,37.1,2.491114,68.2,59.9556,1.518754,40,40,False,41.09,2025-12-27T05:48:53,,36.6
PhaseA,GaussianNoise,0.2642,0.4406,42,0,37.7,2.56163,66.0,55.3444,1.68425,40,38,False,40.83,2025-12-27T05:49:34,,37.3667
PhaseA,GaussianNoise,0.3082,0.8501,42,0,35.5,2.544654,66.3,58.5667,1.588905,40,40,False,42.35,2025-12-27T05:50:17,,35.1333
PhaseA,GaussianNoise,0.1541,0.5752,42,0,36.4,2.510786,67.2,58.0222,1.619218,40,39,False,42.8,2025-12-27T05:51:00,,35.8333
PhaseA,GaussianNoise,0.1174,0.6091,42,0,38.0,2.531315,68.7,57.8,1.607803,40,39,False,43.35,2025-12-27T05:51:43,,37.1667
PhaseA,GaussianNoise,0.3434,0.366,42,0,37.5,2.47543,68.5,59.9111,1.532819,40,40,False,41.17,2025-12-27T05:52:24,,37.0667
PhaseA,GaussianNoise,0.3042,0.7748,42,0,37.5,2.512493,66.7,59.2222,1.574407,40,40,False,40.16,2025-12-27T05:53:05,,36.6
PhaseA,GaussianNoise,0.078,0.5,42,0,38.1,2.450801,69.1,59.7889,1.537595,40,39,False,41.15,2025-12-27T05:53:46,,37.9667
PhaseA,GaussianNoise,0.0482,0.8634,42,0,36.5,2.48102,67.7,61.0,1.5046,40,40,False,43.05,2025-12-27T05:54:29,,36.3
PhaseA,GaussianNoise,0.2271,0.5616,42,0,38.0,2.466607,68.2,60.4333,1.510714,40,40,False,40.31,2025-12-27T05:55:09,,37.7667
PhaseA,GaussianNoise,0.373,0.734,42,0,37.8,2.499385,68.0,56.0111,1.658321,40,38,False,40.75,2025-12-27T05:55:50,,37.3333
PhaseA,GaussianNoise,0.1947,0.3912,42,0,36.4,2.515102,67.4,59.8333,1.545889,40,40,False,39.94,2025-12-27T05:56:30,,35.9333
PhaseA,GaussianNoise,0.2029,0.7171,42,0,37.3,2.486503,67.9,58.8889,1.575118,40,39,False,43.17,2025-12-27T05:57:13,,36.5667
PhaseA,GaussianNoise,0.3574,0.4083,42,0,37.6,2.568564,66.5,58.1667,1.595942,40,40,False,40.3,2025-12-27T05:57:54,,37.0333
PhaseA,GaussianNoise,0.2188,0.8825,42,0,36.3,2.519746,66.9,58.6444,1.560279,40,40,False,40.62,2025-12-27T05:58:35,,35.9333
PhaseA,GaussianNoise,0.0639,0.5421,42,0,37.0,2.508435,67.3,58.8778,1.55329,40,39,False,39.65,2025-12-27T05:59:14,,36.2667
PhaseA,GaussianNoise,0.0818,0.7554,42,0,36.8,2.523566,67.1,57.0333,1.644544,40,38,False,41.7,2025-12-27T05:59:56,,36.6
PhaseA,GaussianNoise,0.284,0.5193,42,0,38.5,2.49228,67.4,58.9444,1.557287,40,40,False,41.53,2025-12-27T06:00:38,,37.7333
PhaseA,GaussianNoise,0.3396,0.6263,42,0,37.5,2.500879,68.7,60.2333,1.530509,40,40,False,41.98,2025-12-27T06:01:20,,37.3333
PhaseA,GaussianNoise,0.1375,0.3492,42,0,37.5,2.497905,68.1,60.7667,1.490672,40,40,False,41.59,2025-12-27T06:02:01,,37.1667
PhaseA,GaussianNoise,0.1459,0.8307,42,0,37.8,2.515639,67.2,58.4444,1.599737,40,39,False,43.13,2025-12-27T06:02:45,,37.1667
PhaseA,GaussianNoise,0.3239,0.5945,42,0,36.5,2.501681,68.0,57.4778,1.595311,40,39,False,41.8,2025-12-27T06:03:27,,36.3333
PhaseA,GaussianNoise,0.2725,0.701,42,0,36.9,2.48266,69.2,58.1222,1.588582,40,40,False,42.79,2025-12-27T06:04:09,,36.6333
PhaseA,GaussianNoise,0.0948,0.4239,42,0,37.4,2.450984,70.4,60.1667,1.519047,40,40,False,41.66,2025-12-27T06:04:51,,36.9333
PhaseA,GaussianNoise,0.0295,0.6418,42,0,38.1,2.459954,68.3,60.4333,1.533781,40,39,False,42.79,2025-12-27T06:05:34,,38.0
PhaseA,GaussianNoise,0.2546,0.333,42,0,37.3,2.529234,67.0,59.6111,1.545045,40,40,False,41.95,2025-12-27T06:06:16,,36.3333
PhaseA,GaussianNoise,0.3892,0.8077,42,0,37.4,2.528007,68.8,58.3778,1.587514,40,40,False,42.95,2025-12-27T06:06:59,,36.9
PhaseA,GaussianNoise,0.1636,0.4673,42,0,37.8,2.483437,68.6,58.3889,1.564501,40,39,False,41.8,2025-12-27T06:07:41,,37.2333
